<?xml version="1.0" encoding="UTF-8" standalone="yes"?>
<addon id="repository.sportshd" name="SportsHD" version="0.0.1" provider-name="Aaron Cirlin">
	<extension point="xbmc.addon.repository" name="SportsHD">
		<dir>
			<info compressed="false">https://raw.githubusercontent.com/totalrevolution/python-koding/master/zips/addons.xml</info>
			<checksum>https://raw.githubusercontent.com/totalrevolution/python-koding/master/zips/addons.xml.md5</checksum>
			<datadir zip="true">https://raw.githubusercontent.com/totalrevolution/python-koding/master/zips/</datadir>
		</dir>
		<info compressed="false">https://raw.githubusercontent.com/aaronc1976/repository.sportshd/master/zips/addons.xml</info>
		<checksum>https://raw.githubusercontent.com/aaronc1976/repository.sportshd/master/zips/addons.xml.md5</checksum>
		<datadir zip="true">https://raw.githubusercontent.com/aaronc1976/repository.sportshd/master/zips/</datadir>
	</extension>
	<extension point="xbmc.addon.metadata">
		<summary lang="en">Hosts sports plugin</summary>
		<description lang="en">Plays baseball, basketball, soccer, college ball, and UFC</description>
		<genre>sports,usa</genre>
	</extension>
</addon>